{
  "animal": [
    0.898418664932251,
    -4.2046027183532715
  ],
  "boy": [
    1.0227545499801636,
    0.2884748876094818
  ],
  "castle": [
    -0.3604052662849426,
    0.13475248217582703
  ],
  "cat": [
    0.20875217020511627,
    -0.9535340070724487
  ],
  "country": [
    -0.057724788784980774,
    0.16159486770629883
  ],
  "crown": [
    -0.25642770528793335,
    0.09749013930559158
  ],
  "dog": [
    0.1323336958885193,
    -1.0403186082839966
  ],
  "empire": [
    -1.59882652759552,
    2.7341408729553223
  ],
  "family": [
    1.4055237770080566,
    0.35279756784439087
  ],
  "father": [
    1.5558254718780518,
    0.4703928828239441
  ],
  "girl": [
    1.0165890455245972,
    0.2802661955356598
  ],
  "house": [
    -1.1609196662902832,
    0.4140033423900604
  ],
  "king": [
    -0.1761271059513092,
    0.2123279571533203
  ],
  "marriage": [
    0.7724645137786865,
    0.26959455013275146
  ],
  "mother": [
    1.1893506050109863,
    0.22959043085575104
  ],
  "pet": [
    0.21179108321666718,
    -0.833927571773529
  ],
  "play": [
    0.23208853602409363,
    -0.8622652292251587
  ],
  "queen": [
    -0.5001559853553772,
    -0.1772880256175995
  ],
  "rule": [
    -4.334033966064453,
    -0.9770411849021912
  ],
  "sleep": [
    0.2292977273464203,
    -0.952288806438446
  ]
}